<?xml version="1.0" encoding="UTF-8"?>
<project-private xmlns="http://www.netbeans.org/ns/project-private/1">
    <editor-bookmarks xmlns="http://www.netbeans.org/ns/editor-bookmarks/2" lastBookmarkId="0"/>
    <open-files xmlns="http://www.netbeans.org/ns/projectui-open-files/2">
        <group>
            <file>file:/C:/Users/Windows7/Documents/NetBeansProjects/ProjetoBiblioteca/src/br/edu/ifsp/dsis4/biblioteca/dao/PalavraChaveDAO.java</file>
            <file>file:/C:/Users/Windows7/Documents/NetBeansProjects/ProjetoBiblioteca/src/br/edu/ifsp/dsis4/biblioteca/entidades/Devolucao.java</file>
            <file>file:/C:/Users/Windows7/Documents/NetBeansProjects/ProjetoBiblioteca/src/br/edu/ifsp/dsis4/biblioteca/entidades/Leitor.java</file>
            <file>file:/C:/Users/Windows7/Documents/NetBeansProjects/ProjetoBiblioteca/src/br/edu/ifsp/dsis4/biblioteca/dao/CategoriaLiterariaDAO.java</file>
            <file>file:/C:/Users/Windows7/Documents/NetBeansProjects/ProjetoBiblioteca/src/br/edu/ifsp/dsis4/biblioteca/entidades/Autor.java</file>
            <file>file:/C:/Users/Windows7/Documents/NetBeansProjects/ProjetoBiblioteca/src/br/edu/ifsp/dsis4/biblioteca/entidades/CategoriaLeitor.java</file>
            <file>file:/C:/Users/Windows7/Documents/NetBeansProjects/ProjetoBiblioteca/src/br/edu/ifsp/dsis4/biblioteca/dao/DevolucaoDAO.java</file>
            <file>file:/C:/Users/Windows7/Documents/NetBeansProjects/ProjetoBiblioteca/src/br/edu/ifsp/dsis4/biblioteca/dao/FuncionarioDAO.java</file>
            <file>file:/C:/Users/Windows7/Documents/NetBeansProjects/ProjetoBiblioteca/src/br/edu/ifsp/dsis4/biblioteca/entidades/Exemplar.java</file>
            <file>file:/C:/Users/Windows7/Documents/NetBeansProjects/ProjetoBiblioteca/src/br/edu/ifsp/dsis4/biblioteca/entidades/Obra.java</file>
            <file>file:/C:/Users/Windows7/Documents/NetBeansProjects/ProjetoBiblioteca/src/br/edu/ifsp/dsis4/biblioteca/view/Main.java</file>
            <file>file:/C:/Users/Windows7/Documents/NetBeansProjects/ProjetoBiblioteca/src/br/edu/ifsp/dsis4/biblioteca/entidades/vo/ObraVO.java</file>
            <file>file:/C:/Users/Windows7/Documents/NetBeansProjects/ProjetoBiblioteca/src/br/edu/ifsp/dsis4/biblioteca/entidades/Usuario.java</file>
            <file>file:/C:/Users/Windows7/Documents/NetBeansProjects/ProjetoBiblioteca/src/br/edu/ifsp/dsis4/biblioteca/bd/ConexaoBD.java</file>
            <file>file:/C:/Users/Windows7/Documents/NetBeansProjects/ProjetoBiblioteca/src/br/edu/ifsp/dsis4/biblioteca/entidades/Emprestimo.java</file>
            <file>file:/C:/Users/Windows7/Documents/NetBeansProjects/ProjetoBiblioteca/src/br/edu/ifsp/dsis4/biblioteca/dao/CategoriaLeitorDAO.java</file>
            <file>file:/C:/Users/Windows7/Documents/NetBeansProjects/ProjetoBiblioteca/src/br/edu/ifsp/dsis4/biblioteca/entidades/CategoriaLiteraria.java</file>
            <file>file:/C:/Users/Windows7/Documents/NetBeansProjects/ProjetoBiblioteca/src/br/edu/ifsp/dsis4/biblioteca/entidades/ListaObra.java</file>
            <file>file:/C:/Users/Windows7/Documents/NetBeansProjects/ProjetoBiblioteca/src/br/edu/ifsp/dsis4/biblioteca/dao/LeitorDAO.java</file>
            <file>file:/C:/Users/Windows7/Documents/NetBeansProjects/ProjetoBiblioteca/src/br/edu/ifsp/dsis4/biblioteca/dao/ObraDAO.java</file>
            <file>file:/C:/Users/Windows7/Documents/NetBeansProjects/ProjetoBiblioteca/src/br/edu/ifsp/dsis4/biblioteca/dao/EmprestimoDAO.java</file>
            <file>file:/C:/Users/Windows7/Documents/NetBeansProjects/ProjetoBiblioteca/src/br/edu/ifsp/dsis4/biblioteca/dao/AutorDAO.java</file>
            <file>file:/C:/Users/Windows7/Documents/NetBeansProjects/ProjetoBiblioteca/src/br/edu/ifsp/dsis4/biblioteca/dao/ExemplarDAO.java</file>
            <file>file:/C:/Users/Windows7/Documents/NetBeansProjects/ProjetoBiblioteca/src/br/edu/ifsp/dsis4/biblioteca/dao/UsuarioDAO.java</file>
        </group>
    </open-files>
</project-private>
